{
  "version": 2,
  "outputDirectory": ".",
  "rewrites": [
    {
      "source": "/terms",
      "destination": "/terms.html"
    },
    {
      "source": "/chat",
      "destination": "/chat.html"
    },
    {
      "source": "/chatbot",
      "destination": "/chatbot.html"
    },
    {
      "source": "/cost",
      "destination": "/cost.html"
    },
    {
      "source": "/cost.tax",
      "destination": "/cost.tax.html"
    },
    {
      "source": "/1218tst",
      "destination": "/1218tst.html"
    }
  ],
  "headers": [
    {
      "source": "/(.*)",
      "headers": [
        {
          "key": "X-Content-Type-Options",
          "value": "nosniff"
        },
        {
          "key": "X-Frame-Options",
          "value": "DENY"
        },
        {
          "key": "X-XSS-Protection",
          "value": "1; mode=block"
        }
      ]
    }
  ]
}
